category,rank,run_id,scenario_short,scenario_id,treatment,treatment_pair_id,repetition,value,threshold,final_error_m,landing_time_s,accepted_detection_rate,lost_detection_count,latency_ms_mean,latency_ms_max,max_abs_horizontal_command_m_s,terminal_event,terminal_status,aborted,notes
highest_final_error,1,phase05_20260608_130247_e28ac4f0,S07,P05_S07_H3_Y08_YAW0,T0,P05_S07_H3_Y08_YAW0_R09,9,0.8894510044738692,0.7790241781680624,0.8894510044738692,28.527,0.8103448275862069,22,124.47362068965518,341.8,0.0,land_complete,landing,False,"requested_LAND_px4_mode=base=29,custom=4,sub=6; requested_LOITER_px4_mode=base=29,custom=4,sub=3; heartbeat=base_mode=29,custom_mode=50593792,px4_main_mode=4,px4_sub_mode=3"
highest_final_error,2,phase05_20260509_000310_08ba7fc5,S03,P05_S03_H2_Y08_YAW0,T0,P05_S03_H2_Y08_YAW0_R01,1,0.8578794072651086,0.7790241781680624,0.8578794072651086,15.359,0.6481481481481481,19,136.86185185185184,252.3,0.0,land_complete,landing,False,"requested_LAND_px4_mode=base=29,custom=4,sub=6; requested_LOITER_px4_mode=base=29,custom=4,sub=3; heartbeat=base_mode=29,custom_mode=50593792,px4_main_mode=4,px4_sub_mode=3"
highest_final_error,3,phase05_20260607_233910_4a8cd7ec,S06,P05_S06_H3_Y04_YAW15,T0,P05_S06_H3_Y04_YAW15_R01,1,0.8462515876111237,0.7790241781680624,0.8462515876111237,29.531,0.6616541353383458,45,92.71406015037593,201.78,0.0,land_complete,landing,False,"requested_LAND_px4_mode=base=29,custom=4,sub=6; requested_LOITER_px4_mode=base=29,custom=4,sub=3; heartbeat=base_mode=29,custom_mode=50593792,px4_main_mode=4,px4_sub_mode=3"
highest_final_error,4,phase05_20260607_201947_00bacbf8,S04,P05_S04_H2_Y08_YAW15,T0,P05_S04_H2_Y08_YAW15_R05,5,0.8419657493635678,0.7790241781680624,0.8419657493635678,14.449,0.34615384615384615,34,136.49096153846153,205.0,0.0,land_complete,landing,False,"requested_LAND_px4_mode=base=29,custom=4,sub=6; requested_LOITER_px4_mode=base=29,custom=4,sub=3; heartbeat=base_mode=29,custom_mode=50593792,px4_main_mode=4,px4_sub_mode=3"
highest_final_error,5,phase05_20260607_210540_4e06679b,S04,P05_S04_H2_Y08_YAW15,T0,P05_S04_H2_Y08_YAW15_R09,9,0.8312007365738536,0.7790241781680624,0.8312007365738536,15.007,0.32075471698113206,36,143.5011320754717,209.96,0.0,land_complete,landing,False,"requested_LAND_px4_mode=base=29,custom=4,sub=6; requested_LOITER_px4_mode=base=29,custom=4,sub=3; heartbeat=base_mode=29,custom_mode=50593792,px4_main_mode=4,px4_sub_mode=3"
highest_final_error,6,phase05_20260509_005615_8743cfbe,S03,P05_S03_H2_Y08_YAW0,T0,P05_S03_H2_Y08_YAW0_R07,7,0.8274030602716206,0.7790241781680624,0.8274030602716206,15.463,0.660377358490566,18,144.58735849056603,409.87,0.0,land_complete,landing,False,"requested_LAND_px4_mode=base=29,custom=4,sub=6; requested_LOITER_px4_mode=base=29,custom=4,sub=3; heartbeat=base_mode=29,custom_mode=50593792,px4_main_mode=4,px4_sub_mode=3"
highest_final_error,7,phase05_20260509_011732_05fe4345,S03,P05_S03_H2_Y08_YAW0,T0,P05_S03_H2_Y08_YAW0_R10,10,0.8145905890242318,0.7790241781680624,0.8145905890242318,11.452,0.22857142857142856,27,201.2222857142857,314.83,0.0,land_complete,landing,False,"requested_LAND_px4_mode=base=29,custom=4,sub=6; requested_LOITER_px4_mode=base=29,custom=4,sub=3; heartbeat=base_mode=29,custom_mode=50593792,px4_main_mode=4,px4_sub_mode=3"
highest_final_error,8,phase05_20260509_213059_1d49740f,S04,P05_S04_H2_Y08_YAW15,T0,P05_S04_H2_Y08_YAW15_R04,4,0.8102248264813018,0.7790241781680624,0.8102248264813018,15.016,0.5555555555555556,20,194.828,358.88,0.0,land_complete,landing,False,"requested_LAND_px4_mode=base=29,custom=4,sub=6; requested_LOITER_px4_mode=base=29,custom=4,sub=3; heartbeat=base_mode=29,custom_mode=50593792,px4_main_mode=4,px4_sub_mode=3"
highest_final_error,9,phase05_20260608_104943_84c26529,S07,P05_S07_H3_Y08_YAW0,T0,P05_S07_H3_Y08_YAW0_R01,1,0.807387433085792,0.7790241781680624,0.807387433085792,28.801,0.85,18,118.60141666666667,315.22,0.0,land_complete,landing,False,"requested_LAND_px4_mode=base=29,custom=4,sub=6; requested_LOITER_px4_mode=base=29,custom=4,sub=3; heartbeat=base_mode=29,custom_mode=50593792,px4_main_mode=4,px4_sub_mode=3"
highest_final_error,10,phase05_20260509_004101_41d9cbae,S03,P05_S03_H2_Y08_YAW0,T0,P05_S03_H2_Y08_YAW0_R05,5,0.8051358191348175,0.7790241781680624,0.8051358191348175,15.62,0.6792452830188679,17,140.34396226415095,402.04,0.0,land_complete,landing,False,"requested_LAND_px4_mode=base=29,custom=4,sub=6; requested_LOITER_px4_mode=base=29,custom=4,sub=3; heartbeat=base_mode=29,custom_mode=50593792,px4_main_mode=4,px4_sub_mode=3"
longest_landing_time,1,phase05_20260608_131411_c3801822,S07,P05_S07_H3_Y08_YAW0,T1,P05_S07_H3_Y08_YAW0_R09,9,43.407,34.5722,0.032659382165784186,43.407,1.0,0,86.93163366336633,149.95,0.08559746742248535,land_complete,landing,False,"requested_LAND_px4_mode=base=29,custom=4,sub=6; requested_LOITER_px4_mode=base=29,custom=4,sub=3; heartbeat=base_mode=29,custom_mode=50593792,px4_main_mode=4,px4_sub_mode=3"
longest_landing_time,2,phase05_20260608_105539_0b6fcf44,S07,P05_S07_H3_Y08_YAW0,T1,P05_S07_H3_Y08_YAW0_R02,2,38.751,34.5722,0.02242831907983171,38.751,1.0,0,90.60128491620111,171.32,0.06298282146453857,land_complete,landing,False,"requested_LAND_px4_mode=base=29,custom=4,sub=6; requested_LOITER_px4_mode=base=29,custom=4,sub=3; heartbeat=base_mode=29,custom_mode=50593792,px4_main_mode=4,px4_sub_mode=3"
longest_landing_time,3,phase05_20260608_112944_5eb17392,S07,P05_S07_H3_Y08_YAW0,T1,P05_S07_H3_Y08_YAW0_R04,4,38.512,34.5722,0.019347660318474753,38.512,1.0,0,56.8020786516854,79.87,0.06388659477233886,land_complete,landing,False,"requested_LAND_px4_mode=base=29,custom=4,sub=6; requested_LOITER_px4_mode=base=29,custom=4,sub=3; heartbeat=base_mode=29,custom_mode=50593792,px4_main_mode=4,px4_sub_mode=3"
longest_landing_time,4,phase05_20260608_105157_18017f67,S07,P05_S07_H3_Y08_YAW0,T1,P05_S07_H3_Y08_YAW0_R01,1,38.316,34.5722,0.012934806882752933,38.316,1.0,0,105.59214689265538,246.48,0.09823222160339355,land_complete,landing,False,"requested_LAND_px4_mode=base=29,custom=4,sub=6; requested_LOITER_px4_mode=base=29,custom=4,sub=3; heartbeat=base_mode=29,custom_mode=50593792,px4_main_mode=4,px4_sub_mode=3"
longest_landing_time,5,phase05_20260608_131743_02ff76bb,S07,P05_S07_H3_Y08_YAW0,T1,P05_S07_H3_Y08_YAW0_R10,10,38.176,34.5722,0.010088807914056513,38.176,1.0,0,92.12329545454546,160.7,0.06377348899841309,land_complete,landing,False,"requested_LAND_px4_mode=base=29,custom=4,sub=6; requested_LOITER_px4_mode=base=29,custom=4,sub=3; heartbeat=base_mode=29,custom_mode=50593792,px4_main_mode=4,px4_sub_mode=3"
longest_landing_time,6,phase05_20260608_145623_5cf1f00c,S08,P05_S08_H3_Y08_YAW15,T1,P05_S08_H3_Y08_YAW15_R01,1,37.735,34.5722,0.013092952376818968,37.735,1.0,0,56.48925287356322,76.06,0.06383078893025716,land_complete,landing,False,"requested_LAND_px4_mode=base=29,custom=4,sub=6; requested_LOITER_px4_mode=base=29,custom=4,sub=3; heartbeat=base_mode=29,custom_mode=50593792,px4_main_mode=4,px4_sub_mode=3"
longest_landing_time,7,phase05_20260608_153518_1f649825,S08,P05_S08_H3_Y08_YAW15,T1,P05_S08_H3_Y08_YAW15_R05,5,37.157,34.5722,0.03306406537329284,37.157,1.0,0,56.68102272727273,81.81,0.08157488505045572,land_complete,landing,False,"requested_LAND_px4_mode=base=29,custom=4,sub=6; requested_LOITER_px4_mode=base=29,custom=4,sub=3; heartbeat=base_mode=29,custom_mode=50593792,px4_main_mode=4,px4_sub_mode=3"
longest_landing_time,8,phase05_20260607_234238_327228c7,S06,P05_S06_H3_Y04_YAW15,T1,P05_S06_H3_Y04_YAW15_R01,1,36.696,34.5722,0.01567443721633139,36.696,1.0,0,57.24372781065089,82.08,0.03513326644897461,land_complete,landing,False,"requested_LAND_px4_mode=base=29,custom=4,sub=6; requested_LOITER_px4_mode=base=29,custom=4,sub=3; heartbeat=base_mode=29,custom_mode=50593792,px4_main_mode=4,px4_sub_mode=3"
longest_landing_time,9,phase05_20260608_160541_dcf510ce,S08,P05_S08_H3_Y08_YAW15,T1,P05_S08_H3_Y08_YAW15_R09,9,36.691,34.5722,0.02215382537633862,36.691,1.0,0,60.194310344827585,94.99,0.09052597681681315,land_complete,landing,False,"requested_LAND_px4_mode=base=29,custom=4,sub=6; requested_LOITER_px4_mode=base=29,custom=4,sub=3; heartbeat=base_mode=29,custom_mode=50593792,px4_main_mode=4,px4_sub_mode=3"
longest_landing_time,10,phase05_20260608_154624_690038b4,S08,P05_S08_H3_Y08_YAW15,T1,P05_S08_H3_Y08_YAW15_R07,7,35.982,34.5722,0.0028311098906858437,35.982,1.0,0,56.025705882352945,73.23,0.08474737803141276,land_complete,landing,False,"requested_LAND_px4_mode=base=29,custom=4,sub=6; requested_LOITER_px4_mode=base=29,custom=4,sub=3; heartbeat=base_mode=29,custom_mode=50593792,px4_main_mode=4,px4_sub_mode=3"
lowest_detection_rate,1,phase05_20260509_000902_46f50524,S03,P05_S03_H2_Y08_YAW0,T0,P05_S03_H2_Y08_YAW0_R02,2,0.0,0.5903087478559177,0.7583737907720512,11.636,0.0,33,235.24272727272728,316.61,0.0,land_complete,landing,False,"requested_LAND_px4_mode=base=29,custom=4,sub=6; requested_LOITER_px4_mode=base=29,custom=4,sub=3; heartbeat=base_mode=29,custom_mode=50593792,px4_main_mode=4,px4_sub_mode=3"
lowest_detection_rate,2,phase05_20260509_010204_ea0ffbac,S03,P05_S03_H2_Y08_YAW0,T0,P05_S03_H2_Y08_YAW0_R08,8,0.0,0.5903087478559177,0.7735185790278177,11.791,0.0,30,266.802,417.52,0.0,land_complete,landing,False,"requested_LAND_px4_mode=base=29,custom=4,sub=6; requested_LOITER_px4_mode=base=29,custom=4,sub=3; heartbeat=base_mode=29,custom_mode=50593792,px4_main_mode=4,px4_sub_mode=3"
lowest_detection_rate,3,phase05_20260607_202802_f1ccaa50,S04,P05_S04_H2_Y08_YAW15,T0,P05_S04_H2_Y08_YAW15_R06,6,0.18,0.5903087478559177,0.7149992194395494,13.019,0.18,41,149.6696,204.06,0.0,land_complete,landing,False,"requested_LAND_px4_mode=base=29,custom=4,sub=6; requested_LOITER_px4_mode=base=29,custom=4,sub=3; heartbeat=base_mode=29,custom_mode=50593792,px4_main_mode=4,px4_sub_mode=3"
lowest_detection_rate,4,phase05_20260509_212437_424a9706,S04,P05_S04_H2_Y08_YAW15,T0,P05_S04_H2_Y08_YAW15_R03,3,0.18518518518518517,0.5903087478559177,0.7473323880986927,12.037,0.18518518518518517,22,312.4914814814815,532.68,0.0,land_complete,landing,False,"requested_LAND_px4_mode=base=29,custom=4,sub=6; requested_LOITER_px4_mode=base=29,custom=4,sub=3; heartbeat=base_mode=29,custom_mode=50593792,px4_main_mode=4,px4_sub_mode=3"
lowest_detection_rate,5,phase05_20260509_004647_e3423cd3,S03,P05_S03_H2_Y08_YAW0,T0,P05_S03_H2_Y08_YAW0_R06,6,0.20588235294117646,0.5903087478559177,0.7602368913688732,11.087,0.20588235294117646,27,197.5705882352941,269.68,0.0,land_complete,landing,False,"requested_LAND_px4_mode=base=29,custom=4,sub=6; requested_LOITER_px4_mode=base=29,custom=4,sub=3; heartbeat=base_mode=29,custom_mode=50593792,px4_main_mode=4,px4_sub_mode=3"
lowest_detection_rate,6,phase05_20260509_002035_66a0dbb4,S03,P05_S03_H2_Y08_YAW0,T0,P05_S03_H2_Y08_YAW0_R04,4,0.21739130434782608,0.5903087478559177,0.7656201725734504,15.54,0.21739130434782608,36,204.41000000000003,291.43,0.0,land_complete,landing,False,"requested_LAND_px4_mode=base=29,custom=4,sub=6; requested_LOITER_px4_mode=base=29,custom=4,sub=3; heartbeat=base_mode=29,custom_mode=50593792,px4_main_mode=4,px4_sub_mode=3"
lowest_detection_rate,7,phase05_20260509_011732_05fe4345,S03,P05_S03_H2_Y08_YAW0,T0,P05_S03_H2_Y08_YAW0_R10,10,0.22857142857142856,0.5903087478559177,0.8145905890242318,11.452,0.22857142857142856,27,201.2222857142857,314.83,0.0,land_complete,landing,False,"requested_LAND_px4_mode=base=29,custom=4,sub=6; requested_LOITER_px4_mode=base=29,custom=4,sub=3; heartbeat=base_mode=29,custom_mode=50593792,px4_main_mode=4,px4_sub_mode=3"
lowest_detection_rate,8,phase05_20260607_211514_29807371,S04,P05_S04_H2_Y08_YAW15,T0,P05_S04_H2_Y08_YAW15_R10,10,0.23636363636363636,0.5903087478559177,0.6968782243048846,13.213,0.23636363636363636,42,125.65454545454546,168.86,0.0,land_complete,landing,False,"requested_LAND_px4_mode=base=29,custom=4,sub=6; requested_LOITER_px4_mode=base=29,custom=4,sub=3; heartbeat=base_mode=29,custom_mode=50593792,px4_main_mode=4,px4_sub_mode=3"
lowest_detection_rate,9,phase05_20260607_210540_4e06679b,S04,P05_S04_H2_Y08_YAW15,T0,P05_S04_H2_Y08_YAW15_R09,9,0.32075471698113206,0.5903087478559177,0.8312007365738536,15.007,0.32075471698113206,36,143.5011320754717,209.96,0.0,land_complete,landing,False,"requested_LAND_px4_mode=base=29,custom=4,sub=6; requested_LOITER_px4_mode=base=29,custom=4,sub=3; heartbeat=base_mode=29,custom_mode=50593792,px4_main_mode=4,px4_sub_mode=3"
lowest_detection_rate,10,phase05_20260607_201947_00bacbf8,S04,P05_S04_H2_Y08_YAW15,T0,P05_S04_H2_Y08_YAW15_R05,5,0.34615384615384615,0.5903087478559177,0.8419657493635678,14.449,0.34615384615384615,34,136.49096153846153,205.0,0.0,land_complete,landing,False,"requested_LAND_px4_mode=base=29,custom=4,sub=6; requested_LOITER_px4_mode=base=29,custom=4,sub=3; heartbeat=base_mode=29,custom_mode=50593792,px4_main_mode=4,px4_sub_mode=3"
highest_lost_detection_count,1,phase05_20260607_233910_4a8cd7ec,S06,P05_S06_H3_Y04_YAW15,T0,P05_S06_H3_Y04_YAW15_R01,1,45.0,33.099999999999994,0.8462515876111237,29.531,0.6616541353383458,45,92.71406015037593,201.78,0.0,land_complete,landing,False,"requested_LAND_px4_mode=base=29,custom=4,sub=6; requested_LOITER_px4_mode=base=29,custom=4,sub=3; heartbeat=base_mode=29,custom_mode=50593792,px4_main_mode=4,px4_sub_mode=3"
highest_lost_detection_count,2,phase05_20260608_113207_9cd80600,S07,P05_S07_H3_Y08_YAW0,T0,P05_S07_H3_Y08_YAW0_R04,4,44.0,33.099999999999994,0.7789475351801048,26.976,0.6173913043478261,44,104.46486956521738,185.96,0.0,land_complete,landing,False,"requested_LAND_px4_mode=base=29,custom=4,sub=6; requested_LOITER_px4_mode=base=29,custom=4,sub=3; heartbeat=base_mode=29,custom_mode=50593792,px4_main_mode=4,px4_sub_mode=3"
highest_lost_detection_count,3,phase05_20260608_150148_ca339b4f,S08,P05_S08_H3_Y08_YAW15,T0,P05_S08_H3_Y08_YAW15_R02,2,44.0,33.099999999999994,0.7939901523272318,23.848,0.5849056603773585,44,100.46094339622643,175.13,0.0,land_complete,landing,False,"requested_LAND_px4_mode=base=29,custom=4,sub=6; requested_LOITER_px4_mode=base=29,custom=4,sub=3; heartbeat=base_mode=29,custom_mode=50593792,px4_main_mode=4,px4_sub_mode=3"
highest_lost_detection_count,4,phase05_20260608_154116_86105482,S08,P05_S08_H3_Y08_YAW15,T0,P05_S08_H3_Y08_YAW15_R06,6,44.0,33.099999999999994,0.7646885174835751,25.382,0.6106194690265486,44,98.15893805309736,183.61,0.0,land_complete,landing,False,"requested_LAND_px4_mode=base=29,custom=4,sub=6; requested_LOITER_px4_mode=base=29,custom=4,sub=3; heartbeat=base_mode=29,custom_mode=50593792,px4_main_mode=4,px4_sub_mode=3"
highest_lost_detection_count,5,phase05_20260607_211514_29807371,S04,P05_S04_H2_Y08_YAW15,T0,P05_S04_H2_Y08_YAW15_R10,10,42.0,33.099999999999994,0.6968782243048846,13.213,0.23636363636363636,42,125.65454545454546,168.86,0.0,land_complete,landing,False,"requested_LAND_px4_mode=base=29,custom=4,sub=6; requested_LOITER_px4_mode=base=29,custom=4,sub=3; heartbeat=base_mode=29,custom_mode=50593792,px4_main_mode=4,px4_sub_mode=3"
highest_lost_detection_count,6,phase05_20260607_202802_f1ccaa50,S04,P05_S04_H2_Y08_YAW15,T0,P05_S04_H2_Y08_YAW15_R06,6,41.0,33.099999999999994,0.7149992194395494,13.019,0.18,41,149.6696,204.06,0.0,land_complete,landing,False,"requested_LAND_px4_mode=base=29,custom=4,sub=6; requested_LOITER_px4_mode=base=29,custom=4,sub=3; heartbeat=base_mode=29,custom_mode=50593792,px4_main_mode=4,px4_sub_mode=3"
highest_lost_detection_count,7,phase05_20260608_122434_ac873b0b,S07,P05_S07_H3_Y08_YAW0,T0,P05_S07_H3_Y08_YAW0_R08,8,41.0,33.099999999999994,0.79258283706085,27.644,0.6693548387096774,41,93.13564516129033,191.39,0.0,land_complete,landing,False,"requested_LAND_px4_mode=base=29,custom=4,sub=6; requested_LOITER_px4_mode=base=29,custom=4,sub=3; heartbeat=base_mode=29,custom_mode=50593792,px4_main_mode=4,px4_sub_mode=3"
highest_lost_detection_count,8,phase05_20260607_204013_33ccace8,S04,P05_S04_H2_Y08_YAW15,T0,P05_S04_H2_Y08_YAW15_R08,8,40.0,33.099999999999994,0.7236493853820917,15.618,0.3548387096774194,40,139.83016129032256,197.61,0.0,land_complete,landing,False,"requested_LAND_px4_mode=base=29,custom=4,sub=6; requested_LOITER_px4_mode=base=29,custom=4,sub=3; heartbeat=base_mode=29,custom_mode=50593792,px4_main_mode=4,px4_sub_mode=3"
highest_lost_detection_count,9,phase05_20260608_161033_b151d6ea,S08,P05_S08_H3_Y08_YAW15,T0,P05_S08_H3_Y08_YAW15_R10,10,40.0,33.099999999999994,0.6916117190784872,23.917,0.6261682242990654,40,95.05514018691588,172.24,0.0,land_complete,landing,False,"requested_LAND_px4_mode=base=29,custom=4,sub=6; requested_LOITER_px4_mode=base=29,custom=4,sub=3; heartbeat=base_mode=29,custom_mode=50593792,px4_main_mode=4,px4_sub_mode=3"
highest_lost_detection_count,10,phase05_20260608_120603_2c9dc18c,S07,P05_S07_H3_Y08_YAW0,T0,P05_S07_H3_Y08_YAW0_R06,6,39.0,33.099999999999994,0.6917838123224758,23.906,0.6355140186915887,39,95.00850467289719,169.65,0.0,land_complete,landing,False,"requested_LAND_px4_mode=base=29,custom=4,sub=6; requested_LOITER_px4_mode=base=29,custom=4,sub=3; heartbeat=base_mode=29,custom_mode=50593792,px4_main_mode=4,px4_sub_mode=3"
highest_mean_latency,1,phase05_20260509_212437_424a9706,S04,P05_S04_H2_Y08_YAW15,T0,P05_S04_H2_Y08_YAW15_R03,3,312.4914814814815,139.8815413877054,0.7473323880986927,12.037,0.18518518518518517,22,312.4914814814815,532.68,0.0,land_complete,landing,False,"requested_LAND_px4_mode=base=29,custom=4,sub=6; requested_LOITER_px4_mode=base=29,custom=4,sub=3; heartbeat=base_mode=29,custom_mode=50593792,px4_main_mode=4,px4_sub_mode=3"
highest_mean_latency,2,phase05_20260509_010204_ea0ffbac,S03,P05_S03_H2_Y08_YAW0,T0,P05_S03_H2_Y08_YAW0_R08,8,266.802,139.8815413877054,0.7735185790278177,11.791,0.0,30,266.802,417.52,0.0,land_complete,landing,False,"requested_LAND_px4_mode=base=29,custom=4,sub=6; requested_LOITER_px4_mode=base=29,custom=4,sub=3; heartbeat=base_mode=29,custom_mode=50593792,px4_main_mode=4,px4_sub_mode=3"
highest_mean_latency,3,phase05_20260509_000902_46f50524,S03,P05_S03_H2_Y08_YAW0,T0,P05_S03_H2_Y08_YAW0_R02,2,235.24272727272728,139.8815413877054,0.7583737907720512,11.636,0.0,33,235.24272727272728,316.61,0.0,land_complete,landing,False,"requested_LAND_px4_mode=base=29,custom=4,sub=6; requested_LOITER_px4_mode=base=29,custom=4,sub=3; heartbeat=base_mode=29,custom_mode=50593792,px4_main_mode=4,px4_sub_mode=3"
highest_mean_latency,4,phase05_20260509_211541_7721a9cb,S04,P05_S04_H2_Y08_YAW15,T0,P05_S04_H2_Y08_YAW15_R01,1,219.36681818181816,139.8815413877054,0.7944885730495378,15.474,0.5,22,219.36681818181816,342.86,0.0,land_complete,landing,False,"requested_LAND_px4_mode=base=29,custom=4,sub=6; requested_LOITER_px4_mode=base=29,custom=4,sub=3; heartbeat=base_mode=29,custom_mode=50593792,px4_main_mode=4,px4_sub_mode=3"
highest_mean_latency,5,phase05_20260509_212246_507d9664,S04,P05_S04_H2_Y08_YAW15,T0,P05_S04_H2_Y08_YAW15_R02,2,205.61743589743588,139.8815413877054,0.7275269235466592,12.587,0.6923076923076923,12,205.61743589743588,513.62,0.0,land_complete,landing,False,"requested_LAND_px4_mode=base=29,custom=4,sub=6; requested_LOITER_px4_mode=base=29,custom=4,sub=3; heartbeat=base_mode=29,custom_mode=50593792,px4_main_mode=4,px4_sub_mode=3"
highest_mean_latency,6,phase05_20260509_002035_66a0dbb4,S03,P05_S03_H2_Y08_YAW0,T0,P05_S03_H2_Y08_YAW0_R04,4,204.41000000000003,139.8815413877054,0.7656201725734504,15.54,0.21739130434782608,36,204.41000000000003,291.43,0.0,land_complete,landing,False,"requested_LAND_px4_mode=base=29,custom=4,sub=6; requested_LOITER_px4_mode=base=29,custom=4,sub=3; heartbeat=base_mode=29,custom_mode=50593792,px4_main_mode=4,px4_sub_mode=3"
highest_mean_latency,7,phase05_20260509_011732_05fe4345,S03,P05_S03_H2_Y08_YAW0,T0,P05_S03_H2_Y08_YAW0_R10,10,201.2222857142857,139.8815413877054,0.8145905890242318,11.452,0.22857142857142856,27,201.2222857142857,314.83,0.0,land_complete,landing,False,"requested_LAND_px4_mode=base=29,custom=4,sub=6; requested_LOITER_px4_mode=base=29,custom=4,sub=3; heartbeat=base_mode=29,custom_mode=50593792,px4_main_mode=4,px4_sub_mode=3"
highest_mean_latency,8,phase05_20260509_004647_e3423cd3,S03,P05_S03_H2_Y08_YAW0,T0,P05_S03_H2_Y08_YAW0_R06,6,197.5705882352941,139.8815413877054,0.7602368913688732,11.087,0.20588235294117646,27,197.5705882352941,269.68,0.0,land_complete,landing,False,"requested_LAND_px4_mode=base=29,custom=4,sub=6; requested_LOITER_px4_mode=base=29,custom=4,sub=3; heartbeat=base_mode=29,custom_mode=50593792,px4_main_mode=4,px4_sub_mode=3"
highest_mean_latency,9,phase05_20260509_213059_1d49740f,S04,P05_S04_H2_Y08_YAW15,T0,P05_S04_H2_Y08_YAW15_R04,4,194.828,139.8815413877054,0.8102248264813018,15.016,0.5555555555555556,20,194.828,358.88,0.0,land_complete,landing,False,"requested_LAND_px4_mode=base=29,custom=4,sub=6; requested_LOITER_px4_mode=base=29,custom=4,sub=3; heartbeat=base_mode=29,custom_mode=50593792,px4_main_mode=4,px4_sub_mode=3"
highest_mean_latency,10,phase05_20260607_202802_f1ccaa50,S04,P05_S04_H2_Y08_YAW15,T0,P05_S04_H2_Y08_YAW15_R06,6,149.6696,139.8815413877054,0.7149992194395494,13.019,0.18,41,149.6696,204.06,0.0,land_complete,landing,False,"requested_LAND_px4_mode=base=29,custom=4,sub=6; requested_LOITER_px4_mode=base=29,custom=4,sub=3; heartbeat=base_mode=29,custom_mode=50593792,px4_main_mode=4,px4_sub_mode=3"
highest_max_latency,1,phase05_20260509_212437_424a9706,S04,P05_S04_H2_Y08_YAW15,T0,P05_S04_H2_Y08_YAW15_R03,3,532.68,291.894,0.7473323880986927,12.037,0.18518518518518517,22,312.4914814814815,532.68,0.0,land_complete,landing,False,"requested_LAND_px4_mode=base=29,custom=4,sub=6; requested_LOITER_px4_mode=base=29,custom=4,sub=3; heartbeat=base_mode=29,custom_mode=50593792,px4_main_mode=4,px4_sub_mode=3"
highest_max_latency,2,phase05_20260505_171646_b0d3f4a0,S01,P05_S01_H2_Y04_YAW0,T0,P05_S01_H2_Y04_YAW0_R07,7,530.79,291.894,0.3655349640856506,19.383,0.8947368421052632,8,133.50052631578947,530.79,0.0,land_complete,landing,False,"requested_LAND_px4_mode=base=29,custom=4,sub=6; requested_LOITER_px4_mode=base=29,custom=4,sub=3; heartbeat=base_mode=29,custom_mode=50593792,px4_main_mode=4,px4_sub_mode=3"
highest_max_latency,3,phase05_20260509_212246_507d9664,S04,P05_S04_H2_Y08_YAW15,T0,P05_S04_H2_Y08_YAW15_R02,2,513.62,291.894,0.7275269235466592,12.587,0.6923076923076923,12,205.61743589743588,513.62,0.0,land_complete,landing,False,"requested_LAND_px4_mode=base=29,custom=4,sub=6; requested_LOITER_px4_mode=base=29,custom=4,sub=3; heartbeat=base_mode=29,custom_mode=50593792,px4_main_mode=4,px4_sub_mode=3"
highest_max_latency,4,phase05_20260509_010204_ea0ffbac,S03,P05_S03_H2_Y08_YAW0,T0,P05_S03_H2_Y08_YAW0_R08,8,417.52,291.894,0.7735185790278177,11.791,0.0,30,266.802,417.52,0.0,land_complete,landing,False,"requested_LAND_px4_mode=base=29,custom=4,sub=6; requested_LOITER_px4_mode=base=29,custom=4,sub=3; heartbeat=base_mode=29,custom_mode=50593792,px4_main_mode=4,px4_sub_mode=3"
highest_max_latency,5,phase05_20260509_005615_8743cfbe,S03,P05_S03_H2_Y08_YAW0,T0,P05_S03_H2_Y08_YAW0_R07,7,409.87,291.894,0.8274030602716206,15.463,0.660377358490566,18,144.58735849056603,409.87,0.0,land_complete,landing,False,"requested_LAND_px4_mode=base=29,custom=4,sub=6; requested_LOITER_px4_mode=base=29,custom=4,sub=3; heartbeat=base_mode=29,custom_mode=50593792,px4_main_mode=4,px4_sub_mode=3"
highest_max_latency,6,phase05_20260509_004101_41d9cbae,S03,P05_S03_H2_Y08_YAW0,T0,P05_S03_H2_Y08_YAW0_R05,5,402.04,291.894,0.8051358191348175,15.62,0.6792452830188679,17,140.34396226415095,402.04,0.0,land_complete,landing,False,"requested_LAND_px4_mode=base=29,custom=4,sub=6; requested_LOITER_px4_mode=base=29,custom=4,sub=3; heartbeat=base_mode=29,custom_mode=50593792,px4_main_mode=4,px4_sub_mode=3"
highest_max_latency,7,phase05_20260608_110142_915fc1ee,S07,P05_S07_H3_Y08_YAW0,T0,P05_S07_H3_Y08_YAW0_R03,3,359.08,291.894,0.7279307337106066,26.008,0.7685185185185185,25,132.42064814814816,359.08,0.0,land_complete,landing,False,"requested_LAND_px4_mode=base=29,custom=4,sub=6; requested_LOITER_px4_mode=base=29,custom=4,sub=3; heartbeat=base_mode=29,custom_mode=50593792,px4_main_mode=4,px4_sub_mode=3"
highest_max_latency,8,phase05_20260509_213059_1d49740f,S04,P05_S04_H2_Y08_YAW15,T0,P05_S04_H2_Y08_YAW15_R04,4,358.88,291.894,0.8102248264813018,15.016,0.5555555555555556,20,194.828,358.88,0.0,land_complete,landing,False,"requested_LAND_px4_mode=base=29,custom=4,sub=6; requested_LOITER_px4_mode=base=29,custom=4,sub=3; heartbeat=base_mode=29,custom_mode=50593792,px4_main_mode=4,px4_sub_mode=3"
highest_max_latency,9,phase05_20260509_211541_7721a9cb,S04,P05_S04_H2_Y08_YAW15,T0,P05_S04_H2_Y08_YAW15_R01,1,342.86,291.894,0.7944885730495378,15.474,0.5,22,219.36681818181816,342.86,0.0,land_complete,landing,False,"requested_LAND_px4_mode=base=29,custom=4,sub=6; requested_LOITER_px4_mode=base=29,custom=4,sub=3; heartbeat=base_mode=29,custom_mode=50593792,px4_main_mode=4,px4_sub_mode=3"
highest_max_latency,10,phase05_20260608_130247_e28ac4f0,S07,P05_S07_H3_Y08_YAW0,T0,P05_S07_H3_Y08_YAW0_R09,9,341.8,291.894,0.8894510044738692,28.527,0.8103448275862069,22,124.47362068965518,341.8,0.0,land_complete,landing,False,"requested_LAND_px4_mode=base=29,custom=4,sub=6; requested_LOITER_px4_mode=base=29,custom=4,sub=3; heartbeat=base_mode=29,custom_mode=50593792,px4_main_mode=4,px4_sub_mode=3"
highest_horizontal_command,1,phase05_20260509_000451_0b969adf,S03,P05_S03_H2_Y08_YAW0,T1,P05_S03_H2_Y08_YAW0_R01,1,0.1,0.09931346178054809,0.037745122546757964,24.526,1.0,0,78.52981481481481,112.13,0.1,land_complete,landing,False,"requested_LAND_px4_mode=base=29,custom=4,sub=6; requested_LOITER_px4_mode=base=29,custom=4,sub=3; heartbeat=base_mode=29,custom_mode=50593792,px4_main_mode=4,px4_sub_mode=3"
highest_horizontal_command,2,phase05_20260509_001816_20a45b99,S03,P05_S03_H2_Y08_YAW0,T1,P05_S03_H2_Y08_YAW0_R04,4,0.1,0.09931346178054809,0.022083757483671532,25.286,1.0,0,79.42875000000001,107.82,0.1,land_complete,landing,False,"requested_LAND_px4_mode=base=29,custom=4,sub=6; requested_LOITER_px4_mode=base=29,custom=4,sub=3; heartbeat=base_mode=29,custom_mode=50593792,px4_main_mode=4,px4_sub_mode=3"
highest_horizontal_command,3,phase05_20260509_004244_9f022853,S03,P05_S03_H2_Y08_YAW0,T1,P05_S03_H2_Y08_YAW0_R05,5,0.1,0.09931346178054809,0.03638348981219174,24.528,1.0,0,81.70861111111111,108.5,0.1,land_complete,landing,False,"requested_LAND_px4_mode=base=29,custom=4,sub=6; requested_LOITER_px4_mode=base=29,custom=4,sub=3; heartbeat=base_mode=29,custom_mode=50593792,px4_main_mode=4,px4_sub_mode=3"
highest_horizontal_command,4,phase05_20260509_004447_9d806e29,S03,P05_S03_H2_Y08_YAW0,T1,P05_S03_H2_Y08_YAW0_R06,6,0.1,0.09931346178054809,0.023053815524559637,22.162,1.0,0,91.86114583333334,163.8,0.1,land_complete,landing,False,"requested_LAND_px4_mode=base=29,custom=4,sub=6; requested_LOITER_px4_mode=base=29,custom=4,sub=3; heartbeat=base_mode=29,custom_mode=50593792,px4_main_mode=4,px4_sub_mode=3"
highest_horizontal_command,5,phase05_20260509_005801_2841af18,S03,P05_S03_H2_Y08_YAW0,T1,P05_S03_H2_Y08_YAW0_R07,7,0.1,0.09931346178054809,0.0017543251866865795,24.526,1.0,0,80.44712962962964,119.65,0.1,land_complete,landing,False,"requested_LAND_px4_mode=base=29,custom=4,sub=6; requested_LOITER_px4_mode=base=29,custom=4,sub=3; heartbeat=base_mode=29,custom_mode=50593792,px4_main_mode=4,px4_sub_mode=3"
highest_horizontal_command,6,phase05_20260509_011302_debefdda,S03,P05_S03_H2_Y08_YAW0,T1,P05_S03_H2_Y08_YAW0_R09,9,0.1,0.09931346178054809,0.02456522197793436,26.076,1.0,0,94.38741379310345,159.97,0.1,land_complete,landing,False,"requested_LAND_px4_mode=base=29,custom=4,sub=6; requested_LOITER_px4_mode=base=29,custom=4,sub=3; heartbeat=base_mode=29,custom_mode=50593792,px4_main_mode=4,px4_sub_mode=3"
highest_horizontal_command,7,phase05_20260509_011530_f3221898,S03,P05_S03_H2_Y08_YAW0,T1,P05_S03_H2_Y08_YAW0_R10,10,0.1,0.09931346178054809,0.018524292037538574,22.911,1.0,0,85.9956,174.09,0.1,land_complete,landing,False,"requested_LAND_px4_mode=base=29,custom=4,sub=6; requested_LOITER_px4_mode=base=29,custom=4,sub=3; heartbeat=base_mode=29,custom_mode=50593792,px4_main_mode=4,px4_sub_mode=3"
highest_horizontal_command,8,phase05_20260509_211844_6ec091cb,S04,P05_S04_H2_Y08_YAW15,T1,P05_S04_H2_Y08_YAW15_R01,1,0.1,0.09931346178054809,0.02360424748148133,24.565,1.0,0,108.66101851851852,201.38,0.1,land_complete,landing,False,"requested_LAND_px4_mode=base=29,custom=4,sub=6; requested_LOITER_px4_mode=base=29,custom=4,sub=3; heartbeat=base_mode=29,custom_mode=50593792,px4_main_mode=4,px4_sub_mode=3"
highest_horizontal_command,9,phase05_20260509_212043_98eea009,S04,P05_S04_H2_Y08_YAW15,T1,P05_S04_H2_Y08_YAW15_R02,2,0.1,0.09931346178054809,0.02481532741509402,23.699,1.0,0,109.17913461538461,157.54,0.1,land_complete,landing,False,"requested_LAND_px4_mode=base=29,custom=4,sub=6; requested_LOITER_px4_mode=base=29,custom=4,sub=3; heartbeat=base_mode=29,custom_mode=50593792,px4_main_mode=4,px4_sub_mode=3"
highest_horizontal_command,10,phase05_20260509_214330_4ae8d025,S04,P05_S04_H2_Y08_YAW15,T1,P05_S04_H2_Y08_YAW15_R04,4,0.1,0.09931346178054809,0.03492483647110311,24.761,1.0,0,108.85844036697247,163.35,0.1,land_complete,landing,False,"requested_LAND_px4_mode=base=29,custom=4,sub=6; requested_LOITER_px4_mode=base=29,custom=4,sub=3; heartbeat=base_mode=29,custom_mode=50593792,px4_main_mode=4,px4_sub_mode=3"
highest_visual_x_dispersion,1,phase05_20260607_203502_6e0b3de1,S04,P05_S04_H2_Y08_YAW15,T1,P05_S04_H2_Y08_YAW15_R08,8,0.12012102744290366,0.0858374034387023,0.041017649532215664,22.98,1.0,0,76.0372380952381,98.94,0.1,land_complete,landing,False,"requested_LAND_px4_mode=base=29,custom=4,sub=6; requested_LOITER_px4_mode=base=29,custom=4,sub=3; heartbeat=base_mode=29,custom_mode=50593792,px4_main_mode=4,px4_sub_mode=3"
highest_visual_x_dispersion,2,phase05_20260509_010004_a268301d,S03,P05_S03_H2_Y08_YAW0,T1,P05_S03_H2_Y08_YAW0_R08,8,0.11774328654634815,0.0858374034387023,0.012602010358283549,21.291,1.0,0,80.83010869565217,143.58,0.09855339527130128,land_complete,landing,False,"requested_LAND_px4_mode=base=29,custom=4,sub=6; requested_LOITER_px4_mode=base=29,custom=4,sub=3; heartbeat=base_mode=29,custom_mode=50593792,px4_main_mode=4,px4_sub_mode=3"
highest_visual_x_dispersion,3,phase05_20260509_000701_eb58d52f,S03,P05_S03_H2_Y08_YAW0,T1,P05_S03_H2_Y08_YAW0_R02,2,0.11546630905473558,0.0858374034387023,0.011864071990255385,21.884,1.0,0,89.39547368421053,175.21,0.09923717975616456,land_complete,landing,False,"requested_LAND_px4_mode=base=29,custom=4,sub=6; requested_LOITER_px4_mode=base=29,custom=4,sub=3; heartbeat=base_mode=29,custom_mode=50593792,px4_main_mode=4,px4_sub_mode=3"
highest_visual_x_dispersion,4,phase05_20260509_004447_9d806e29,S03,P05_S03_H2_Y08_YAW0,T1,P05_S03_H2_Y08_YAW0_R06,6,0.11488655985392654,0.0858374034387023,0.023053815524559637,22.162,1.0,0,91.86114583333334,163.8,0.1,land_complete,landing,False,"requested_LAND_px4_mode=base=29,custom=4,sub=6; requested_LOITER_px4_mode=base=29,custom=4,sub=3; heartbeat=base_mode=29,custom_mode=50593792,px4_main_mode=4,px4_sub_mode=3"
highest_visual_x_dispersion,5,phase05_20260509_001816_20a45b99,S03,P05_S03_H2_Y08_YAW0,T1,P05_S03_H2_Y08_YAW0_R04,4,0.11459024087033645,0.0858374034387023,0.022083757483671532,25.286,1.0,0,79.42875000000001,107.82,0.1,land_complete,landing,False,"requested_LAND_px4_mode=base=29,custom=4,sub=6; requested_LOITER_px4_mode=base=29,custom=4,sub=3; heartbeat=base_mode=29,custom_mode=50593792,px4_main_mode=4,px4_sub_mode=3"
highest_visual_x_dispersion,6,phase05_20260509_011530_f3221898,S03,P05_S03_H2_Y08_YAW0,T1,P05_S03_H2_Y08_YAW0_R10,10,0.1128245933729794,0.0858374034387023,0.018524292037538574,22.911,1.0,0,85.9956,174.09,0.1,land_complete,landing,False,"requested_LAND_px4_mode=base=29,custom=4,sub=6; requested_LOITER_px4_mode=base=29,custom=4,sub=3; heartbeat=base_mode=29,custom_mode=50593792,px4_main_mode=4,px4_sub_mode=3"
highest_visual_x_dispersion,7,phase05_20260509_212628_e65318a0,S04,P05_S04_H2_Y08_YAW15,T1,P05_S04_H2_Y08_YAW15_R03,3,0.11241102779405182,0.0858374034387023,0.038242862447999494,19.963,1.0,0,100.18833333333335,159.56,0.09909688234329224,land_complete,landing,False,"requested_LAND_px4_mode=base=29,custom=4,sub=6; requested_LOITER_px4_mode=base=29,custom=4,sub=3; heartbeat=base_mode=29,custom_mode=50593792,px4_main_mode=4,px4_sub_mode=3"
highest_visual_x_dispersion,8,phase05_20260509_003307_468906cb,S03,P05_S03_H2_Y08_YAW0,T1,P05_S03_H2_Y08_YAW0_R03,3,0.10498426579509632,0.0858374034387023,0.009115578416788474,25.331,1.0,0,77.8432142857143,97.87,0.09600484371185303,land_complete,landing,False,"requested_LAND_px4_mode=base=29,custom=4,sub=6; requested_LOITER_px4_mode=base=29,custom=4,sub=3; heartbeat=base_mode=29,custom_mode=50593792,px4_main_mode=4,px4_sub_mode=3"
highest_visual_x_dispersion,9,phase05_20260608_161033_b151d6ea,S08,P05_S08_H3_Y08_YAW15,T0,P05_S08_H3_Y08_YAW15_R10,10,0.09891481846740267,0.0858374034387023,0.6916117190784872,23.917,0.6261682242990654,40,95.05514018691588,172.24,0.0,land_complete,landing,False,"requested_LAND_px4_mode=base=29,custom=4,sub=6; requested_LOITER_px4_mode=base=29,custom=4,sub=3; heartbeat=base_mode=29,custom_mode=50593792,px4_main_mode=4,px4_sub_mode=3"
highest_visual_x_dispersion,10,phase05_20260608_104943_84c26529,S07,P05_S07_H3_Y08_YAW0,T0,P05_S07_H3_Y08_YAW0_R01,1,0.09868016099405699,0.0858374034387023,0.807387433085792,28.801,0.85,18,118.60141666666667,315.22,0.0,land_complete,landing,False,"requested_LAND_px4_mode=base=29,custom=4,sub=6; requested_LOITER_px4_mode=base=29,custom=4,sub=3; heartbeat=base_mode=29,custom_mode=50593792,px4_main_mode=4,px4_sub_mode=3"
highest_visual_y_dispersion,1,phase05_20260509_000451_0b969adf,S03,P05_S03_H2_Y08_YAW0,T1,P05_S03_H2_Y08_YAW0_R01,1,0.1766607551558009,0.09548373825131784,0.037745122546757964,24.526,1.0,0,78.52981481481481,112.13,0.1,land_complete,landing,False,"requested_LAND_px4_mode=base=29,custom=4,sub=6; requested_LOITER_px4_mode=base=29,custom=4,sub=3; heartbeat=base_mode=29,custom_mode=50593792,px4_main_mode=4,px4_sub_mode=3"
highest_visual_y_dispersion,2,phase05_20260607_203218_26efe62a,S04,P05_S04_H2_Y08_YAW15,T1,P05_S04_H2_Y08_YAW15_R07,7,0.1751121566945434,0.09548373825131784,0.014549934760377813,20.958,0.9789473684210527,2,75.90494736842105,236.76,0.1,land_complete,landing,False,"requested_LAND_px4_mode=base=29,custom=4,sub=6; requested_LOITER_px4_mode=base=29,custom=4,sub=3; heartbeat=base_mode=29,custom_mode=50593792,px4_main_mode=4,px4_sub_mode=3"
highest_visual_y_dispersion,3,phase05_20260509_011302_debefdda,S03,P05_S03_H2_Y08_YAW0,T1,P05_S03_H2_Y08_YAW0_R09,9,0.17267817988793138,0.09548373825131784,0.02456522197793436,26.076,1.0,0,94.38741379310345,159.97,0.1,land_complete,landing,False,"requested_LAND_px4_mode=base=29,custom=4,sub=6; requested_LOITER_px4_mode=base=29,custom=4,sub=3; heartbeat=base_mode=29,custom_mode=50593792,px4_main_mode=4,px4_sub_mode=3"
highest_visual_y_dispersion,4,phase05_20260509_004244_9f022853,S03,P05_S03_H2_Y08_YAW0,T1,P05_S03_H2_Y08_YAW0_R05,5,0.17137728982771405,0.09548373825131784,0.03638348981219174,24.528,1.0,0,81.70861111111111,108.5,0.1,land_complete,landing,False,"requested_LAND_px4_mode=base=29,custom=4,sub=6; requested_LOITER_px4_mode=base=29,custom=4,sub=3; heartbeat=base_mode=29,custom_mode=50593792,px4_main_mode=4,px4_sub_mode=3"
highest_visual_y_dispersion,5,phase05_20260509_005801_2841af18,S03,P05_S03_H2_Y08_YAW0,T1,P05_S03_H2_Y08_YAW0_R07,7,0.16927460866770477,0.09548373825131784,0.0017543251866865795,24.526,1.0,0,80.44712962962964,119.65,0.1,land_complete,landing,False,"requested_LAND_px4_mode=base=29,custom=4,sub=6; requested_LOITER_px4_mode=base=29,custom=4,sub=3; heartbeat=base_mode=29,custom_mode=50593792,px4_main_mode=4,px4_sub_mode=3"
highest_visual_y_dispersion,6,phase05_20260509_212043_98eea009,S04,P05_S04_H2_Y08_YAW15,T1,P05_S04_H2_Y08_YAW15_R02,2,0.14232197409080033,0.09548373825131784,0.02481532741509402,23.699,1.0,0,109.17913461538461,157.54,0.1,land_complete,landing,False,"requested_LAND_px4_mode=base=29,custom=4,sub=6; requested_LOITER_px4_mode=base=29,custom=4,sub=3; heartbeat=base_mode=29,custom_mode=50593792,px4_main_mode=4,px4_sub_mode=3"
highest_visual_y_dispersion,7,phase05_20260607_202259_ee7d9535,S04,P05_S04_H2_Y08_YAW15,T1,P05_S04_H2_Y08_YAW15_R05,5,0.14219242492076872,0.09548373825131784,0.03103481916480474,24.677,1.0,0,57.148990825688074,101.33,0.1,land_complete,landing,False,"requested_LAND_px4_mode=base=29,custom=4,sub=6; requested_LOITER_px4_mode=base=29,custom=4,sub=3; heartbeat=base_mode=29,custom_mode=50593792,px4_main_mode=4,px4_sub_mode=3"
highest_visual_y_dispersion,8,phase05_20260607_210813_021d52e2,S04,P05_S04_H2_Y08_YAW15,T1,P05_S04_H2_Y08_YAW15_R09,9,0.1200298176796812,0.09548373825131784,0.013390962671621666,24.101,1.0,0,56.51311320754717,90.69,0.1,land_complete,landing,False,"requested_LAND_px4_mode=base=29,custom=4,sub=6; requested_LOITER_px4_mode=base=29,custom=4,sub=3; heartbeat=base_mode=29,custom_mode=50593792,px4_main_mode=4,px4_sub_mode=3"
highest_visual_y_dispersion,9,phase05_20260607_211217_143c9f08,S04,P05_S04_H2_Y08_YAW15,T1,P05_S04_H2_Y08_YAW15_R10,10,0.11415274905574427,0.09548373825131784,0.02818320184875423,23.344,1.0,0,52.062990654205606,94.29,0.1,land_complete,landing,False,"requested_LAND_px4_mode=base=29,custom=4,sub=6; requested_LOITER_px4_mode=base=29,custom=4,sub=3; heartbeat=base_mode=29,custom_mode=50593792,px4_main_mode=4,px4_sub_mode=3"
highest_visual_y_dispersion,10,phase05_20260607_233910_4a8cd7ec,S06,P05_S06_H3_Y04_YAW15,T0,P05_S06_H3_Y04_YAW15_R01,1,0.11222423075608552,0.09548373825131784,0.8462515876111237,29.531,0.6616541353383458,45,92.71406015037593,201.78,0.0,land_complete,landing,False,"requested_LAND_px4_mode=base=29,custom=4,sub=6; requested_LOITER_px4_mode=base=29,custom=4,sub=3; heartbeat=base_mode=29,custom_mode=50593792,px4_main_mode=4,px4_sub_mode=3"
